{
  "pools": [
    {
      "rolls": {
        "type": "minecraft:constant",
        "value": 1
      },
      "entries": [
        {
          "type": "minecraft:item",
          "name": "book",
          "functions": [
            {
              "function": "minecraft:enchant_with_levels",
              "levels": {
                "type": "minecraft:uniform",
                "min": 64,
                "max": 96
              }
            }
          ]
        }
      ]
    }
  ]
}