{
    "pools": [
      {
        "rolls": {
          "min": 0,
          "max": {
            "min": 0,
            "max": 2
          }
        },
        "entries": [
          {
            "type": "minecraft:item",
            "name": "minecraft:oak_planks",
            "weight": 1,
            "functions": [
              {
                "function": "minecraft:set_count",
                "count": {
                  "min": 2,
                  "max": {
                    "min": 4,
                    "max": 8
                  }
                }
              }
            ]
          },
          {
            "type": "minecraft:item",
            "name": "minecraft:stick",
            "weight": 2,
            "functions": [
              {
                "function": "minecraft:set_count",
                "count": {
                  "min": 2,
                  "max": {
                    "min": 4,
                    "max": 8
                  }
                }
              }
            ]
          },
          {
            "type": "minecraft:item",
            "name": "minecraft:cobblestone",
            "weight": 2,
            "functions": [
              {
                "function": "minecraft:set_count",
                "count": {
                  "min": 2,
                  "max": {
                    "min": 4,
                    "max": 8
                  }
                }
              }
            ]
          }
        ]
      },
      {
        "rolls": 1,
        "entries": [
          {
            "type": "minecraft:item",
            "name": "minecraft:bread",
            "weight": 20,
            "functions": [
              {
                "function": "minecraft:set_count",
                "count": {
                  "min": 1,
                  "max": 3
                }
              }
            ]
          },
          {
            "type": "minecraft:item",
            "name": "minecraft:cooked_salmon",
            "weight": 1,
            "functions": [
              {
                "function": "minecraft:set_count",
                "count": {
                  "min": 1,
                  "max": 2
                }
              }
            ]
          },
          {
            "type": "minecraft:item",
            "name": "minecraft:cooked_cod",
            "weight": 1,
            "functions": [
              {
                "function": "minecraft:set_count",
                "count": {
                  "min": 1,
                  "max": 3
                }
              }
            ]
          },
          {
            "type": "minecraft:item",
            "name": "minecraft:cooked_beef",
            "weight": 6,
            "functions": [
              {
                "function": "minecraft:set_count",
                "count": {
                  "min": 1,
                  "max": 2
                }
              }
            ]
          },
          {
            "type": "minecraft:item",
            "name": "minecraft:cooked_porkchop",
            "weight": 6,
            "functions": [
              {
                "function": "minecraft:set_count",
                "count": {
                  "min": 1,
                  "max": 2
                }
              }
            ]
          },
          {
            "type": "minecraft:item",
            "name": "minecraft:cooked_mutton",
            "weight": 1,
            "functions": [
              {
                "function": "minecraft:set_count",
                "count": {
                  "min": 1,
                  "max": 2
                }
              }
            ]
          },
          {
            "type": "minecraft:item",
            "name": "minecraft:cooked_chicken",
            "weight": 1,
            "functions": [
              {
                "function": "minecraft:set_count",
                "count": {
                  "min": 1,
                  "max": 2
                }
              }
            ]
          },
          {
            "type": "minecraft:item",
            "name": "minecraft:golden_apple",
            "weight": 4
          }
        ]
      },
      {
        "rolls": {
          "min": 0,
          "max": 1
        },
        "entries": [
          {
            "type": "minecraft:item",
            "name": "minecraft:torch",
            "weight": 2,
            "functions": [
              {
                "function": "minecraft:set_count",
                "count": {
                  "min": 1,
                  "max": 2
                }
              }
            ]
          },
          {
            "type": "minecraft:item",
            "name": "minecraft:coal",
            "weight": 1,
            "functions": [
              {
                "function": "minecraft:set_count",
                "count": {
                  "min": 1,
                  "max": 2
                }
              }
            ]
          }
        ]
      },
      {
        "rolls": {
          "min": 0,
          "max": {
            "min": 0,
            "max": {
              "min": 0,
              "max": 1
            }
          }
        },
        "entries": [
          {
            "type": "minecraft:item",
            "name": "minecraft:crafting_table",
            "weight": 1
          },
          {
            "type": "minecraft:item",
            "name": "minecraft:chest",
            "weight": 1
          },
          {
            "type": "minecraft:item",
            "name": "minecraft:furnace",
            "weight": 1
          },
          {
            "type": "minecraft:item",
            "name": "minecraft:bucket",
            "weight": 2
          },
          {
            "type": "minecraft:item",
            "name": "minecraft:ender_pearl",
            "weight": 5
          }
        ]
      },
      {
        "rolls": {
          "min": 1,
          "max": {
            "min": 2,
            "max": 3
          }
        },
        "entries": [
          {
            "type": "minecraft:item",
            "name": "minecraft:iron_ingot",
            "weight": 28,
            "functions": [
              {
                "function": "minecraft:set_count",
                "count": {
                  "min": 1,
                  "max": 4
                }
              }
            ]
          },
          {
            "type": "minecraft:item",
            "name": "minecraft:lapis_lazuli",
            "weight": 2,
            "functions": [
              {
                "function": "minecraft:set_count",
                "count": {
                  "min": 1,
                  "max": 4
                }
              }
            ]
          },
          {
            "type": "minecraft:item",
            "name": "minecraft:gold_ingot",
            "weight": 2,
            "functions": [
              {
                "function": "minecraft:set_count",
                "count": {
                  "min": 1,
                  "max": 2
                }
              }
            ]
          },
          {
            "type": "minecraft:item",
            "name": "minecraft:redstone",
            "weight": 2,
            "functions": [
              {
                "function": "minecraft:set_count",
                "count": {
                  "min": 1,
                  "max": 4
                }
              }
            ]
          },
          {
            "type": "minecraft:item",
            "name": "diamond",
            "weight": 6,
            "functions": [
              {
                "function": "minecraft:set_count",
                "count": {
                  "min": 1,
                  "max": 2
                }
              }
            ]
          },
          {
            "type": "minecraft:item",
            "name": "minecraft:enchanted_golden_apple",
            "weight": 1
          }
        ]
      },
      {
        "rolls": {
          "min": 0,
          "max": {
            "min": 0,
            "max": {
              "min": 0,
              "max": 1
            }
          }
        },
        "entries": [
          {
            "type": "minecraft:item",
            "name": "minecraft:white_bed",
            "weight": 1
          },
          {
            "type": "minecraft:item",
            "name": "book",
            "weight": 5,
            "functions": [
              {
                "function": "minecraft:enchant_with_levels",
                "levels": {
                  "type": "minecraft:uniform",
                  "min": 16,
                  "max": 32
                }
              }
            ]
          }
        ]
      }
    ]
  }