{
    "pools": [
      {
        "rolls": {
          "min": 0,
          "max": {
            "min": 1,
            "max": 2
          }
        },
        "entries": [
          {
            "type": "minecraft:item",
            "name": "minecraft:oak_planks",
            "weight": 1,
            "functions": [
              {
                "function": "minecraft:set_count",
                "count": {
                  "min": 2,
                  "max": {
                    "min": 4,
                    "max": 8
                  }
                }
              }
            ]
          },
          {
            "type": "minecraft:item",
            "name": "minecraft:stick",
            "weight": 2,
            "functions": [
              {
                "function": "minecraft:set_count",
                "count": {
                  "min": 2,
                  "max": {
                    "min": 4,
                    "max": 8
                  }
                }
              }
            ]
          },
          {
            "type": "minecraft:item",
            "name": "minecraft:cobblestone",
            "weight": 2,
            "functions": [
              {
                "function": "minecraft:set_count",
                "count": {
                  "min": 2,
                  "max": {
                    "min": 4,
                    "max": 8
                  }
                }
              }
            ]
          }
        ]
      },
      {
        "rolls": {
          "min": 0,
          "max": 1
        },
        "entries": [
          {
            "type": "minecraft:item",
            "name": "minecraft:bread",
            "weight": 10,
            "functions": [
              {
                "function": "minecraft:set_count",
                "count": {
                  "min": 1,
                  "max": 2
                }
              }
            ]
          },
          {
            "type": "minecraft:item",
            "name": "minecraft:apple",
            "weight": 1,
            "functions": [
              {
                "function": "minecraft:set_count",
                "count": {
                  "min": 1,
                  "max": 2
                }
              }
            ]
          },
          {
            "type": "minecraft:item",
            "name": "minecraft:baked_potato",
            "weight": 1,
            "functions": [
              {
                "function": "minecraft:set_count",
                "count": {
                  "min": 1,
                  "max": 2
                }
              }
            ]
          },
          {
            "type": "minecraft:item",
            "name": "minecraft:carrot",
            "weight": 1,
            "functions": [
              {
                "function": "minecraft:set_count",
                "count": {
                  "min": 1,
                  "max": 3
                }
              }
            ]
          },
          {
            "type": "minecraft:item",
            "name": "minecraft:cooked_salmon",
            "weight": 1
          },
          {
            "type": "minecraft:item",
            "name": "minecraft:cooked_cod",
            "weight": 1,
            "functions": [
              {
                "function": "minecraft:set_count",
                "count": {
                  "min": 1,
                  "max": 2
                }
              }
            ]
          },
          {
            "type": "minecraft:item",
            "name": "minecraft:rotten_flesh",
            "weight": 1,
            "functions": [
              {
                "function": "minecraft:set_count",
                "count": {
                  "min": 1,
                  "max": 2
                }
              }
            ]
          }
        ]
      },
      {
        "rolls": {
          "min": 0,
          "max": 1
        },
        "entries": [
          {
            "type": "minecraft:item",
            "name": "minecraft:torch",
            "weight": 2,
            "functions": [
              {
                "function": "minecraft:set_count",
                "count": {
                  "min": 1,
                  "max": 2
                }
              }
            ]
          },
          {
            "type": "minecraft:item",
            "name": "minecraft:coal",
            "weight": 1,
            "functions": [
              {
                "function": "minecraft:set_count",
                "count": {
                  "min": 1,
                  "max": 2
                }
              }
            ]
          }
        ]
      }
    ]
  }
  