{
  "display": {
    "icon": {
      "id": "minecraft:wooden_sword"
    },
    "title": "No.01 木の剣",
    "description": "オーバーワールドなら基本的にどこでも見かけるが、洞窟で見かけることは少ない。 サバイバルを始めたばかりだろう。",
    "hidden": true
  },
  "parent": "kinokoo_steve_world:leather/root",
  "criteria": {
    "requirement": {
      "trigger": "minecraft:player_killed_entity",
      "conditions": {
        "entity": {
          "nbt": "{Tags:[\"kinokoo_steve_world_wooden_sword\"]}"
        }
      }
    }
  }
}