{
  "display": {
    "icon": {
      "id": "minecraft:wooden_axe"
    },
    "title": "No.02 木の斧",
    "description": "砂漠でよく見かけるスティーブ。 木が足りず集めていたのだろう。",
    "hidden": true
  },
  "parent": "kinokoo_steve_world:leather/01_wooden_sword",
  "criteria": {
    "requirement": {
      "trigger": "minecraft:player_killed_entity",
      "conditions": {
        "entity": {
          "nbt": "{Tags:[\"kinokoo_steve_world_wooden_axe\"]}"
        }
      }
    }
  }
}