{
  "display": {
    "icon": {
      "id": "minecraft:stone_sword"
    },
    "title": "No.03 石の剣",
    "description": "オーバーワールドならどこでも見かけるスティーブ。 サバイバルを初めてあまり時間が経っていないのだろう。",
    "hidden": true
  },
  "parent": "kinokoo_steve_world:leather/02_wooden_axe",
  "criteria": {
    "requirement": {
      "trigger": "minecraft:player_killed_entity",
      "conditions": {
        "entity": {
          "nbt": "{Tags:[\"kinokoo_steve_world_stone_sword\"]}"
        }
      }
    }
  }
}