{
  "display": {
    "icon": {
      "id": "minecraft:stone_axe"
    },
    "title": "No.04 石の斧",
    "description": "雪原でよく見かけるスティーブ。 木を集めていたのだろう。",
    "hidden": true
  },
  "parent": "kinokoo_steve_world:leather/03_stone_sword",
  "criteria": {
    "requirement": {
      "trigger": "minecraft:player_killed_entity",
      "conditions": {
        "entity": {
          "nbt": "{Tags:[\"kinokoo_steve_world_stone_axe\"]}"
        }
      }
    }
  }
}