{
  "display": {
    "icon": {
      "id": "minecraft:stone_pickaxe"
    },
    "title": "No.05 石のツルハシ",
    "description": "洞窟などの地下でよく見かけるスティーブ。 ブロックの設置や破壊を素早く行うことができる。",
    "hidden": true
  },
  "parent": "kinokoo_steve_world:leather/04_stone_axe",
  "criteria": {
    "requirement": {
      "trigger": "minecraft:player_killed_entity",
      "conditions": {
        "entity": {
          "nbt": "{Tags:[\"kinokoo_steve_world_stone_pickaxe\"]}"
        }
      }
    }
  }
}