{
  "display": {
    "icon": {
      "id": "minecraft:arrow"
    },
    "title": "No.06 弓",
    "description": "オーバーワールドならどこでも見かけるスティーブ。 運よく弓を手に入れたのだろう。",
    "hidden": true
  },
  "parent": "kinokoo_steve_world:leather/05_stone_pickaxe",
  "criteria": {
    "requirement": {
      "trigger": "minecraft:player_killed_entity",
      "conditions": {
        "entity": {
          "nbt": "{Tags:[\"kinokoo_steve_world_bow\"]}"
        }
      }
    }
  }
}