{
  "display": {
    "icon": {
      "id": "minecraft:leather_chestplate"
    },
    "title": "初心者スティーブ (No.01-06)",
    "description": "まだ武器や防具の準備ができていないスティーブを倒す"
  },
  "parent": "kinokoo_steve_world:steve_root",
  "criteria": {
    "requirement": {
      "trigger": "minecraft:player_killed_entity",
      "conditions": {
        "entity": {
          "nbt": "{Tags:[\"kinokoo_steve_world_steve\"]}",
          "equipment": {
            "chest": {
              "items": "minecraft:leather_chestplate"
            }
          }
        }
      }
    }
  }
}
