{
  "display": {
    "icon": {
      "id": "minecraft:netherite_sword"
    },
    "title": "No.41 ネザライトの剣",
    "description": "主にネザーで見かけるスティーブ。 サバイバルにかけた時間は計り知れない。",
    "hidden": true
  },
  "parent": "kinokoo_steve_world:netherite/root",
  "criteria": {
    "requirement": {
      "trigger": "minecraft:player_killed_entity",
      "conditions": {
        "entity": {
          "nbt": "{Tags:[\"kinokoo_steve_world_netherite_sword\"]}"
        }
      }
    }
  }
}