{
  "display": {
    "icon": {
      "id": "minecraft:shield"
    },
    "title": "No.42 ネザライトの剣 盾",
    "description": "主にネザーで見かけるスティーブ。 盾を使って矢を防ぐことができる。",
    "hidden": true
  },
  "parent": "kinokoo_steve_world:netherite/41_netherite_sword",
  "criteria": {
    "requirement": {
      "trigger": "minecraft:player_killed_entity",
      "conditions": {
        "entity": {
          "nbt": "{Tags:[\"kinokoo_steve_world_netherite_sword_shield\"]}"
        }
      }
    }
  }
}