{
  "display": {
    "icon": {
      "id": "minecraft:netherite_axe"
    },
    "title": "No.48 ネザライトの斧 弓 盾",
    "description": "歪んだの森などのネザーで見かけるスティーブ。 盾を使って矢を防ぐだけでなく、距離に応じて斧と弓を使い分ける。",
    "hidden": true
  },
  "parent": "kinokoo_steve_world:netherite/47_netherite_sword_shield_plus",
  "criteria": {
    "requirement": {
      "trigger": "minecraft:player_killed_entity",
      "conditions": {
        "entity": {
          "nbt": "{Tags:[\"kinokoo_steve_world_netherite_axe_bow_shield\"]}"
        }
      }
    }
  }
}