{
  "display": {
    "icon": {
      "id": "minecraft:netherite_pickaxe"
    },
    "title": "No.50 ネザライトのツルハシ",
    "description": "真紅の森などのネザーで稀に見かけるスティーブ。 ブロックの設置や破壊を素早く行うことができる。",
    "hidden": true
  },
  "parent": "kinokoo_steve_world:netherite/49_netherite_axe_bow_plus",
  "criteria": {
    "requirement": {
      "trigger": "minecraft:player_killed_entity",
      "conditions": {
        "entity": {
          "nbt": "{Tags:[\"kinokoo_steve_world_netherite_pickaxe\"]}"
        }
      }
    }
  }
}