{
  "display": {
    "icon": {
      "id": "minecraft:netherite_chestplate"
    },
    "title": "究極のスティーブ (No.41-50)",
    "description": "サバイバルをやり込み、武器や防具の強化が完了したスティーブを倒す"
  },
  "parent": "kinokoo_steve_world:steve_root",
  "criteria": {
    "requirement": {
      "trigger": "minecraft:player_killed_entity",
      "conditions": {
        "entity": {
          "nbt": "{Tags:[\"kinokoo_steve_world_steve\"]}",
          "equipment": {
            "chest": {
              "items": "minecraft:netherite_chestplate"
            }
          }
        }
      }
    }
  }
}
