{
  "display": {
    "icon": {
      "id": "minecraft:diamond_sword"
    },
    "title": "No.26 ダイヤモンドの剣",
    "description": "主にネザーで見かけるスティーブ。 サバイバルに時間をかけたのだろう。",
    "hidden": true
  },
  "parent": "kinokoo_steve_world:diamond/root",
  "criteria": {
    "requirement": {
      "trigger": "minecraft:player_killed_entity",
      "conditions": {
        "entity": {
          "nbt": "{Tags:[\"kinokoo_steve_world_diamond_sword\"]}"
        }
      }
    }
  }
}