{
  "display": {
    "icon": {
      "id": "minecraft:shield"
    },
    "title": "No.27 ダイヤモンドの剣 盾",
    "description": "ネザー要塞で見かけるスティーブ。 盾を使って矢を防ぐことができる。",
    "hidden": true
  },
  "parent": "kinokoo_steve_world:diamond/26_diamond_sword",
  "criteria": {
    "requirement": {
      "trigger": "minecraft:player_killed_entity",
      "conditions": {
        "entity": {
          "nbt": "{Tags:[\"kinokoo_steve_world_diamond_sword_shield\"]}"
        }
      }
    }
  }
}