{
  "display": {
    "icon": {
      "id": "minecraft:bow"
    },
    "title": "No.29 ダイヤモンドの剣 弓 盾",
    "description": "ネザー要塞で見かけるスティーブ。 盾を使って矢を防ぐだけでなく、距離に応じて剣と弓を使い分ける。",
    "hidden": true
  },
  "parent": "kinokoo_steve_world:diamond/28_diamond_sword_bow",
  "criteria": {
    "requirement": {
      "trigger": "minecraft:player_killed_entity",
      "conditions": {
        "entity": {
          "nbt": "{Tags:[\"kinokoo_steve_world_diamond_sword_bow_shield\"]}"
        }
      }
    }
  }
}