{
  "display": {
    "icon": {
      "id": "minecraft:bow",
      "components": {
        "minecraft:enchantments": {
          "levels": {
            "minecraft:power": 1
          }
        }
      }
    },
    "title": "No.30 ダイヤモンドの剣 弓+",
    "description": "ジ・エンドで見かけるスティーブ。 矢を放ちながら接近し、距離に応じて剣と弓を使い分ける。",
    "hidden": true
  },
  "parent": "kinokoo_steve_world:diamond/29_diamond_sword_bow_shield",
  "criteria": {
    "requirement": {
      "trigger": "minecraft:player_killed_entity",
      "conditions": {
        "entity": {
          "nbt": "{Tags:[\"kinokoo_steve_world_diamond_sword_bow_plus\"]}"
        }
      }
    }
  }
}