{
  "display": {
    "icon": {
      "id": "minecraft:diamond_sword",
      "components": {
        "minecraft:enchantments": {
          "levels": {
            "minecraft:sharpness": 1
          }
        }
      }
    },
    "title": "No.31 ダイヤモンドの剣+",
    "description": "歪んだの森などのネザーで見かけるスティーブ。 ジャンプしながら攻撃し、クリティカルヒットを狙う。",
    "hidden": true
  },
  "parent": "kinokoo_steve_world:diamond/30_diamond_sword_bow_plus",
  "criteria": {
    "requirement": {
      "trigger": "minecraft:player_killed_entity",
      "conditions": {
        "entity": {
          "nbt": "{Tags:[\"kinokoo_steve_world_diamond_sword_plus\"]}"
        }
      }
    }
  }
}