{
  "display": {
    "icon": {
      "id": "minecraft:shield",
      "components": {
        "minecraft:enchantments": {
          "levels": {
            "minecraft:unbreaking": 1
          }
        }
      }
    },
    "title": "No.32 ダイヤモンドの剣 盾+",
    "description": "ネザー要塞で見かけるスティーブ。 盾を使って矢を防ぐだけでなく、ジャンプしながら攻撃してクリティカルヒットを狙う。",
    "hidden": true
  },
  "parent": "kinokoo_steve_world:diamond/31_diamond_sword_plus",
  "criteria": {
    "requirement": {
      "trigger": "minecraft:player_killed_entity",
      "conditions": {
        "entity": {
          "nbt": "{Tags:[\"kinokoo_steve_world_diamond_sword_shield_plus\"]}"
        }
      }
    }
  }
}