{
  "display": {
    "icon": {
      "id": "minecraft:diamond_axe"
    },
    "title": "No.33 ダイヤモンドの斧 弓 盾",
    "description": "ネザー要塞で見かけるスティーブ。 盾を使って矢を防ぐだけでなく、距離に応じて斧と弓を使い分ける。",
    "hidden": true
  },
  "parent": "kinokoo_steve_world:diamond/32_diamond_sword_shield_plus",
  "criteria": {
    "requirement": {
      "trigger": "minecraft:player_killed_entity",
      "conditions": {
        "entity": {
          "nbt": "{Tags:[\"kinokoo_steve_world_diamond_axe_bow_shield\"]}"
        }
      }
    }
  }
}