{
  "display": {
    "icon": {
      "id": "minecraft:diamond_axe",
      "components": {
        "minecraft:enchantments": {
          "levels": {
            "minecraft:sharpness": 1
          }
        }
      }
    },
    "title": "No.34 ダイヤモンドの斧 弓+",
    "description": "玄武岩の三角州などのネザーで見かけるスティーブ。 矢を放ちながら接近し、距離に応じて斧と弓を使い分ける。",
    "hidden": true
  },
  "parent": "kinokoo_steve_world:diamond/33_diamond_axe_bow_shield",
  "criteria": {
    "requirement": {
      "trigger": "minecraft:player_killed_entity",
      "conditions": {
        "entity": {
          "nbt": "{Tags:[\"kinokoo_steve_world_diamond_axe_bow_plus\"]}"
        }
      }
    }
  }
}