{
  "display": {
    "icon": {
      "id": "minecraft:diamond_pickaxe"
    },
    "title": "No.35 ダイヤモンドのツルハシ",
    "description": "洞窟などの地下深くで見かけるスティーブ。 ブロックの設置や破壊を素早く行うことができる。",
    "hidden": true
  },
  "parent": "kinokoo_steve_world:diamond/34_diamond_axe_bow_plus",
  "criteria": {
    "requirement": {
      "trigger": "minecraft:player_killed_entity",
      "conditions": {
        "entity": {
          "nbt": "{Tags:[\"kinokoo_steve_world_diamond_pickaxe\"]}"
        }
      }
    }
  }
}