{
  "display": {
    "icon": {
      "id": "minecraft:diamond_shovel"
    },
    "title": "No.36 ダイヤモンドのシャベル",
    "description": "砂漠で稀に見かけるスティーブ。 敵の足元のブロックを破壊し、移動を制限する。",
    "hidden": true
  },
  "parent": "kinokoo_steve_world:diamond/35_diamond_pickaxe",
  "criteria": {
    "requirement": {
      "trigger": "minecraft:player_killed_entity",
      "conditions": {
        "entity": {
          "nbt": "{Tags:[\"kinokoo_steve_world_shovel\"]}"
        }
      }
    }
  }
}