{
  "display": {
    "icon": {
      "id": "minecraft:totem_of_undying"
    },
    "title": "No.37 不死のトーテム",
    "description": "雪原で稀に見かけるスティーブ。 距離に応じて剣と弓を使い分けるだけでなく、不死のトーテムを使用して死を免れる。",
    "hidden": true
  },
  "parent": "kinokoo_steve_world:diamond/36_shovel",
  "criteria": {
    "requirement": {
      "trigger": "minecraft:player_killed_entity",
      "conditions": {
        "entity": {
          "nbt": "{Tags:[\"kinokoo_steve_world_totem\"]}"
        }
      }
    }
  }
}