{
  "display": {
    "icon": {
      "id": "minecraft:potion"
    },
    "title": "No.38 ポーション",
    "description": "ネザー要塞で稀に見かけるスティーブ。 ポーションを使用し、様々なステータスを強化する。",
    "hidden": true
  },
  "parent": "kinokoo_steve_world:diamond/37_totem",
  "criteria": {
    "requirement": {
      "trigger": "minecraft:player_killed_entity",
      "conditions": {
        "entity": {
          "nbt": "{Tags:[\"kinokoo_steve_world_potion\"]}"
        }
      }
    }
  }
}