{
  "display": {
    "icon": {
      "id": "minecraft:ender_pearl"
    },
    "title": "No.39 エンダーパール",
    "description": "オーバーワールドで稀に見かけるスティーブ。 エンダーパールを使用し、テレポートで敵を翻弄する。",
    "hidden": true
  },
  "parent": "kinokoo_steve_world:diamond/38_potion",
  "criteria": {
    "requirement": {
      "trigger": "minecraft:player_killed_entity",
      "conditions": {
        "entity": {
          "nbt": "{Tags:[\"kinokoo_steve_world_ender_pearl\"]}"
        }
      }
    }
  }
}