{
  "display": {
    "icon": {
      "id": "minecraft:elytra"
    },
    "title": "No.40 エリトラ",
    "description": "オーバーワールドで稀に見かけるスティーブ。 エリトラを使用し、飛びながら攻撃をする。",
    "hidden": true
  },
  "parent": "kinokoo_steve_world:diamond/39_ender_pearl",
  "criteria": {
    "requirement": {
      "trigger": "minecraft:player_killed_entity",
      "conditions": {
        "entity": {
          "nbt": "{Tags:[\"kinokoo_steve_world_elytra\"]}"
        }
      }
    }
  }
}