{
  "display": {
    "icon": {
      "id": "minecraft:diamond_chestplate"
    },
    "title": "上級者スティーブ (No.26-40)",
    "description": "サバイバルを十分進め、武器や防具の準備が完了したスティーブを倒す"
  },
  "parent": "kinokoo_steve_world:steve_root",
  "criteria": {
    "requirement": {
      "trigger": "minecraft:player_killed_entity",
      "conditions": {
        "entity": {
          "nbt": "{Tags:[\"kinokoo_steve_world_steve\"]}",
          "equipment": {
            "chest": {
              "items": "minecraft:diamond_chestplate"
            }
          }
        }
      }
    }
  }
}
