{
  "display": {
    "icon": {
      "id": "minecraft:player_head"
    },
    "title": "Steve World",
    "description": "ようこそ、スティーブの世界へ！",
    "background": "minecraft:textures/block/oak_planks.png",
    "announce_to_chat": false
  },
  "criteria": {
    "requirement": {
      "trigger": "minecraft:player_hurt_entity",
      "conditions": {
        "entity": {
          "nbt": "{Tags:[\"kinokoo_steve_world_steve\"]}"
        }
      }
    }
  }
}
