{
  "display": {
    "icon": {
      "id": "minecraft:book"
    },
    "title": "スティーブ一覧",
    "description": "全50種類！目指せコンプリート！",
    "show_toast": false,
    "announce_to_chat": false
  },
  "parent": "kinokoo_steve_world:root",
  "criteria": {
    "requirement": {
      "trigger": "minecraft:player_hurt_entity",
      "conditions": {
        "entity": {
          "nbt": "{Tags:[\"kinokoo_steve_world_steve\"]}"
        }
      }
    }
  }
}