{
  "display": {
    "icon": {
      "id": "minecraft:golden_sword"
    },
    "title": "討伐マスター",
    "description": "ボスを全種討伐する",
    "frame": "challenge",
    "hidden": true
  },
  "parent": "kinokoo_steve_world:heart/get_heart_of_steve",
  "criteria": {
    "little_steve": {
      "trigger": "minecraft:player_killed_entity",
      "conditions": {
        "entity": {
          "nbt": "{Tags:[\"kinokoo_steve_world_little_steve\"]}"
        }
      }
    },
    "big_steve": {
      "trigger": "minecraft:player_killed_entity",
      "conditions": {
        "entity": {
          "nbt": "{Tags:[\"kinokoo_steve_world_big_steve\"]}"
        }
      }
    },
    "herobrine": {
      "trigger": "minecraft:player_killed_entity",
      "conditions": {
        "entity": {
          "nbt": "{Tags:[\"kinokoo_steve_world_herobrine\"]}"
        }
      }
    },
    "master_steve": {
      "trigger": "minecraft:player_killed_entity",
      "conditions": {
        "entity": {
          "nbt": "{Tags:[\"kinokoo_steve_world_master_steve\"]}"
        }
      }
    },
    "alex": {
      "trigger": "minecraft:player_killed_entity",
      "conditions": {
        "entity": {
          "nbt": "{Tags:[\"kinokoo_steve_world_alex\"]}"
        }
      }
    }
    ,
    "hacker_steve": {
      "trigger": "minecraft:player_killed_entity",
      "conditions": {
        "entity": {
          "nbt": "{Tags:[\"kinokoo_steve_world_hacker_steve\"]}"
        }
      }
    }
  },
  "requirements": [
    [
      "little_steve"
    ],
    [
      "big_steve"
    ],
    [
      "herobrine"
    ],
    [
      "master_steve"
    ],
    [
      "alex"
    ],
    [
      "hacker_steve"
    ]
  ]
}