{
  "display": {
    "icon": {
      "id": "minecraft:firework_star",
      "components": {
        "minecraft:firework_explosion": {
          "shape": "large_ball",
          "colors": [
            65535
          ]
        }
      }
    },
    "title": "Heart of Steve",
    "description": "強力なスティーブをたくさん倒して「心」を入手する。"
  },
  "parent": "kinokoo_steve_world:root",
  "criteria": {
    "requirement": {
      "trigger": "minecraft:impossible"
    }
  }
}