{
  "display": {
    "icon": {
      "id": "minecraft:iron_block"
    },
    "title": "たとえ小さくたって",
    "description": "その小さい体には機動力が宿り、素早い動きを可能にする。知恵もあるらしく、様々なアイテムを使用することもできる。",
    "frame": "goal",
    "hidden": true
  },
  "parent": "kinokoo_steve_world:heart/summon_little_steve",
  "criteria": {
    "requirement": {
      "trigger": "minecraft:impossible"
    }
  }
}