{
  "display": {
    "icon": {
      "id": "minecraft:iron_ingot"
    },
    "title": "戦いを始めよう",
    "description": "装備が整った。ボスとの戦いを始めよう。",
    "hidden": true
  },
  "parent": "kinokoo_steve_world:heart/boss_complete",
  "criteria": {
    "iron_armor": {
      "trigger": "minecraft:inventory_changed",
      "conditions": {
        "items": [
          {
            "items": "minecraft:iron_helmet"
          },
          {
            "items": "minecraft:iron_chestplate"
          },
          {
            "items": "minecraft:iron_leggings"
          },
          {
            "items": "minecraft:iron_boots"
          }
        ]
      }
    },
    "diamond": {
      "trigger": "minecraft:inventory_changed",
      "conditions": {
        "items": [
          {
            "items": "diamond"
          }
        ]
      }
    }
  },
  "requirements": [
    [
      "iron_armor",
      "diamond"
    ]
  ]
}