{
  "display": {
    "icon": {
      "id": "minecraft:diamond"
    },
    "title": "さあ、挑戦の時間だ",
    "description": "装備がこんなにも整ったんだ。負けるはずがないよ！",
    "hidden": true
  },
  "parent": "kinokoo_steve_world:heart/boss_complete",
  "criteria": {
    "diamond_armor": {
      "trigger": "minecraft:inventory_changed",
      "conditions": {
        "items": [
          {
            "items": "minecraft:diamond_helmet"
          },
          {
            "items": "minecraft:diamond_chestplate"
          },
          {
            "items": "minecraft:diamond_leggings"
          },
          {
            "items": "minecraft:diamond_boots"
          }
        ]
      }
    },
    "enchant": {
      "trigger": "minecraft:enchanted_item"
    }
  },
  "requirements": [
    [
      "diamond_armor",
      "enchant"
    ]
  ]
}