{
  "display": {
    "icon": {
      "id": "minecraft:redstone_torch"
    },
    "title": "新たなる脅威のはじまり",
    "description": "とある祭壇に心を捧げると Herobrineが現れるらしい。そしてそれを「削除」しなければならない。 祭壇の素材は金ブロック、レッドストーントーチ、火をつけたネザーラック という噂がある。 ...もっと情報収集が必要だ。"
  },
  "parent": "kinokoo_steve_world:heart/kill_big_steve",
  "criteria": {
    "requirement": {
      "trigger": "minecraft:impossible"
    }
  }
}