{
  "display": {
    "icon": {
      "id": "minecraft:iron_sword"
    },
    "title": "No.07 鉄の剣",
    "description": "オーバーワールドならどこでも見かけるスティーブ。 サバイバルを始めてある程度時間が経ったのだろう。",
    "hidden": true
  },
  "parent": "kinokoo_steve_world:iron/root",
  "criteria": {
    "requirement": {
      "trigger": "minecraft:player_killed_entity",
      "conditions": {
        "entity": {
          "nbt": "{Tags:[\"kinokoo_steve_world_iron_sword\"]}"
        }
      }
    }
  }
}