{
  "display": {
    "icon": {
      "id": "minecraft:shield"
    },
    "title": "No.08 鉄の剣 盾",
    "description": "オーバーワールドならどこでも見かけるスティーブ。 盾を使って矢を防ぐことができる。",
    "hidden": true
  },
  "parent": "kinokoo_steve_world:iron/07_iron_sword",
  "criteria": {
    "requirement": {
      "trigger": "minecraft:player_killed_entity",
      "conditions": {
        "entity": {
          "nbt": "{Tags:[\"kinokoo_steve_world_iron_sword_shield\"]}"
        }
      }
    }
  }
}