{
  "display": {
    "icon": {
      "id": "minecraft:bow"
    },
    "title": "No.09 鉄の剣 弓",
    "description": "オーバーワールドならどこでも見かけるスティーブ。 距離に応じて剣と弓を使い分ける。",
    "hidden": true
  },
  "parent": "kinokoo_steve_world:iron/08_iron_sword_shield",
  "criteria": {
    "requirement": {
      "trigger": "minecraft:player_killed_entity",
      "conditions": {
        "entity": {
          "nbt": "{Tags:[\"kinokoo_steve_world_iron_sword_bow\"]}"
        }
      }
    }
  }
}