{
  "display": {
    "icon": {
      "id": "minecraft:bow"
    },
    "title": "No.10 鉄の剣 弓 盾",
    "description": "主に真紅の森で見かけるスティーブ。 盾を使って矢を防ぐだけでなく、距離に応じて剣と弓を使い分ける。",
    "hidden": true
  },
  "parent": "kinokoo_steve_world:iron/09_iron_sword_bow",
  "criteria": {
    "requirement": {
      "trigger": "minecraft:player_killed_entity",
      "conditions": {
        "entity": {
          "nbt": "{Tags:[\"kinokoo_steve_world_iron_sword_bow_shield\"]}"
        }
      }
    }
  }
}