{
  "display": {
    "icon": {
      "id": "minecraft:iron_sword",
      "components": {
        "minecraft:enchantments": {
          "levels": {
            "minecraft:sharpness": 1
          }
        }
      }
    },
    "title": "No.12 鉄の剣+",
    "description": "真紅の森などのネザーで見かけるスティーブ。 ジャンプしながら攻撃し、クリティカルヒットを狙う。",
    "hidden": true
  },
  "parent": "kinokoo_steve_world:iron/11_iron_sword_bow_plus",
  "criteria": {
    "requirement": {
      "trigger": "minecraft:player_killed_entity",
      "conditions": {
        "entity": {
          "nbt": "{Tags:[\"kinokoo_steve_world_iron_sword_plus\"]}"
        }
      }
    }
  }
}