{
  "display": {
    "icon": {
      "id": "minecraft:iron_axe"
    },
    "title": "No.13 鉄の斧",
    "description": "オーバーワールドならどこでも見かけるスティーブ。 威力が剣より高いためか、斧を好むプレイヤーも多くない。",
    "hidden": true
  },
  "parent": "kinokoo_steve_world:iron/12_iron_sword_plus",
  "criteria": {
    "requirement": {
      "trigger": "minecraft:player_killed_entity",
      "conditions": {
        "entity": {
          "nbt": "{Tags:[\"kinokoo_steve_world_iron_axe\"]}"
        }
      }
    }
  }
}