{
  "display": {
    "icon": {
      "id": "minecraft:bow"
    },
    "title": "No.14 鉄の斧 弓",
    "description": "オーバーワールドならどこでも見かけるスティーブ。 距離に応じて斧と弓を使い分ける。",
    "hidden": true
  },
  "parent": "kinokoo_steve_world:iron/13_iron_axe",
  "criteria": {
    "requirement": {
      "trigger": "minecraft:player_killed_entity",
      "conditions": {
        "entity": {
          "nbt": "{Tags:[\"kinokoo_steve_world_iron_axe_bow\"]}"
        }
      }
    }
  }
}