{
  "display": {
    "icon": {
      "id": "minecraft:bow"
    },
    "title": "No.15 鉄の斧 弓 盾",
    "description": "玄武岩の三角州などのネザーで見かけるスティーブ。 盾を使って矢を防ぐだけでなく、距離に応じて斧と弓を使い分ける。",
    "hidden": true
  },
  "parent": "kinokoo_steve_world:iron/14_iron_axe_bow",
  "criteria": {
    "requirement": {
      "trigger": "minecraft:player_killed_entity",
      "conditions": {
        "entity": {
          "nbt": "{Tags:[\"kinokoo_steve_world_iron_axe_bow_shield\"]}"
        }
      }
    }
  }
}