{
  "display": {
    "icon": {
      "id": "minecraft:iron_pickaxe"
    },
    "title": "No.16 鉄のツルハシ",
    "description": "洞窟などの地下深くでよくで見かけるスティーブ。 ブロックの設置や破壊を素早く行うことができる。",
    "hidden": true
  },
  "parent": "kinokoo_steve_world:iron/root",
  "criteria": {
    "requirement": {
      "trigger": "minecraft:player_killed_entity",
      "conditions": {
        "entity": {
          "nbt": "{Tags:[\"kinokoo_steve_world_iron_pickaxe\"]}"
        }
      }
    }
  }
}