{
  "display": {
    "icon": {
      "id": "minecraft:bow",
      "components": {
        "minecraft:enchantments": {
          "levels": {
            "minecraft:power": 1
          }
        }
      }
      
    },
    "title": "No.17 弓+",
    "description": "ソウルサンドの谷などのネザーで見かけるスティーブ。 弓を素早く放ちながら前後に移動する。",
    "hidden": true
  },
  "parent": "kinokoo_steve_world:iron/16_iron_pickaxe",
  "criteria": {
    "requirement": {
      "trigger": "minecraft:player_killed_entity",
      "conditions": {
        "entity": {
          "nbt": "{Tags:[\"kinokoo_steve_world_bow_plus\"]}"
        }
      }
    }
  }
}