{
  "display": {
    "icon": {
      "id": "minecraft:trident"
    },
    "title": "No.18 トライデント",
    "description": "海洋や河川で見かけるスティーブ。 トライデントは投げないが、泳ぐ速さは他のスティーブより速い。",
    "hidden": true
  },
  "parent": "kinokoo_steve_world:iron/17_bow_plus",
  "criteria": {
    "requirement": {
      "trigger": "minecraft:player_killed_entity",
      "conditions": {
        "entity": {
          "nbt": "{Tags:[\"kinokoo_steve_world_trident\"]}"
        }
      }
    }
  }
}