{
  "display": {
    "icon": {
      "id": "minecraft:cobweb"
    },
    "title": "No.19 クモの巣",
    "description": "オーバーワールドならどこでも見かけるスティーブ。 敵の足元にクモの巣を設置し、移動を制限する。",
    "hidden": true
  },
  "parent": "kinokoo_steve_world:iron/18_trident",
  "criteria": {
    "requirement": {
      "trigger": "minecraft:player_killed_entity",
      "conditions": {
        "entity": {
          "nbt": "{Tags:[\"kinokoo_steve_world_cobweb\"]}"
        }
      }
    }
  }
}