{
  "display": {
    "icon": {
      "id": "minecraft:lava_bucket"
    },
    "title": "No.20 溶岩入りバケツ",
    "description": "オーバーワールドならどこでも見かけるスティーブ。 敵の足元に溶岩を設置し、継続ダメージを与える。",
    "hidden": true
  },
  "parent": "kinokoo_steve_world:iron/19_cobweb",
  "criteria": {
    "requirement": {
      "trigger": "minecraft:player_killed_entity",
      "conditions": {
        "entity": {
          "nbt": "{Tags:[\"kinokoo_steve_world_lava_bucket\"]}"
        }
      }
    }
  }
}