{
  "display": {
    "icon": {
      "id": "minecraft:flint_and_steel"
    },
    "title": "No.21 火打石と打ち金",
    "description": "主にネザーで見かけるスティーブ。 敵の足元に火をつけて、継続ダメージを与える。",
    "hidden": true
  },
  "parent": "kinokoo_steve_world:iron/20_lava_bucket",
  "criteria": {
    "requirement": {
      "trigger": "minecraft:player_killed_entity",
      "conditions": {
        "entity": {
          "nbt": "{Tags:[\"kinokoo_steve_world_flint_and_steel\"]}"
        }
      }
    }
  }
}