{
  "display": {
    "icon": {
      "id": "minecraft:tnt"
    },
    "title": "No.22 TNT",
    "description": "オーバーワールドならどこでも見かけるスティーブ。 敵の近くにTNTを設置し、爆破させてダメージを与える。",
    "hidden": true
  },
  "parent": "kinokoo_steve_world:iron/21_flint_and_steel",
  "criteria": {
    "requirement": {
      "trigger": "minecraft:player_killed_entity",
      "conditions": {
        "entity": {
          "nbt": "{Tags:[\"kinokoo_steve_world_tnt\"]}"
        }
      }
    }
  }
}