{
  "display": {
    "icon": {
      "id": "minecraft:tipped_arrow"
    },
    "title": "No.23 特殊な矢",
    "description": "ソウルサンドの谷などのネザーで見かけるスティーブ。 複数の種類の矢を使う。",
    "hidden": true
  },
  "parent": "kinokoo_steve_world:iron/22_tnt",
  "criteria": {
    "requirement": {
      "trigger": "minecraft:player_killed_entity",
      "conditions": {
        "entity": {
          "nbt": "{Tags:[\"kinokoo_steve_world_special_bow\"]}"
        }
      }
    }
  }
}