{
  "display": {
    "icon": {
      "id": "minecraft:goat_horn"
    },
    "title": "No.24 ヤギの角笛",
    "description": "オーバーワールドで稀に見かけるスティーブ。 角笛を吹いて付近のスティーブを呼ぶ。",
    "hidden": true
  },
  "parent": "kinokoo_steve_world:iron/23_special_bow",
  "criteria": {
    "requirement": {
      "trigger": "minecraft:player_killed_entity",
      "conditions": {
        "entity": {
          "nbt": "{Tags:[\"kinokoo_steve_world_goat_horn\"]}"
        }
      }
    }
  }
}