{
  "display": {
    "icon": {
      "id": "minecraft:white_bed"
    },
    "title": "No.25 ベッド",
    "description": "オーバーワールドで稀に見かけるスティーブ。 ベッドを設置してスティーブをスポーンさせる。",
    "hidden": true
  },
  "parent": "kinokoo_steve_world:iron/24_goat_horn",
  "criteria": {
    "requirement": {
      "trigger": "minecraft:player_killed_entity",
      "conditions": {
        "entity": {
          "nbt": "{Tags:[\"kinokoo_steve_world_bed\"]}"
        }
      }
    }
  }
}