{
  "display": {
    "icon": {
      "id": "minecraft:iron_chestplate"
    },
    "title": "中級者スティーブ (No.07-25)",
    "description": "ある程度サバイバルが進み、武器や防具の準備ができたスティーブを倒す"
  },
  "parent": "kinokoo_steve_world:steve_root",
  "criteria": {
    "requirement": {
      "trigger": "minecraft:player_killed_entity",
      "conditions": {
        "entity": {
          "nbt": "{Tags:[\"kinokoo_steve_world_steve\"]}",
          "equipment": {
            "chest": {
              "items": "minecraft:iron_chestplate"
            }
          }
        }
      }
    }
  }
}
